"","CHROM","POS","Freq"
"1","chr7","116129088",7
"2","chr7","116129153",17
"3","chr7","116135016",15
"4","chr7","116135123",9
"5","chr7","116140616",19
"6","chr7","116147908",19
"7","chr7","116148370",19
"8","chr7","116148408",4
"9","chr7","116151155",19
"10","chr7","116151784",19
"11","chr7","116155968",3
"12","chr7","116155977",9
"13","chr7","116155979",11
"14","chr7","116155981",3
"15","chr7","116156961",15
"16","chr7","116156994",21
"17","chr7","116157011",9
"18","chr7","116159961",18
"19","chr7","116159989",3
"20","chr7","116160022",9
"21","chr7","116160524",19
"22","chr7","116170195",21
"23","chr7","116170276",2
"24","chr7","116186241",19
"25","chr7","116191301",19
"26","chr7","116212474",16
"27","chr7","116212511",12
"28","chr7","116214642",23
"29","chr7","116220532",23
"30","chr7","116226422",23
"31","chr7","116296896",24
"32","chr7","116310683",3
"33","chr7","116312439",19
"34","chr7","116354525",20
"35","chr7","116358044",20
"36","chr7","116468914",21
"37","chr7","116569136",1
"38","chr7","116569219",22
"39","chr7","116570738",22
"40","chr7","116635705",21
"41","chr7","116645880",20
"42","chr7","116645946",2
"43","chr7","116645977",3
"44","chr7","116654201",21
"45","chr7","116660803",21
"46","chr7","116662006",4
"47","chr7","116662109",9
"48","chr7","116680679",16
"49","chr7","116799172",2
"50","chr7","116834863",20
"51","chr7","116868585",19
"52","chr7","116883710",23
"53","chr7","116889414",23
"54","chr7","116893795",19
"55","chr7","116900032",16
"56","chr7","116900040",23
"57","chr7","116900114",6
"58","chr7","116900628",17
"59","chr7","116900637",6
"60","chr7","116900643",23
"61","chr7","116901109",4
"62","chr7","116901160",23
"63","chr7","116901454",23
"64","chr7","116902666",3
"65","chr7","116902698",23
"66","chr7","116904346",23
"67","chr7","116904828",23
"68","chr7","116905833",23
"69","chr7","116906539",6
"70","chr7","116906682",23
"71","chr7","116907164",23
"72","chr7","116907743",6
"73","chr7","116907843",8
"74","chr7","116908448",23
"75","chr7","116910396",19
"76","chr7","116910399",22
"77","chr7","116910801",23
"78","chr7","116911538",23
"79","chr7","116911626",1
"80","chr7","116913211",19
"81","chr7","116915119",3
"82","chr7","116915143",23
"83","chr7","116915684",19
"84","chr7","116926632",18
"85","chr7","116928371",18
"86","chr7","116943793",22
"87","chr7","116948171",23
"88","chr7","116949286",20
"89","chr7","116954700",3
"90","chr7","116954750",2
"91","chr7","116954785",24
"92","chr7","116957564",8
"93","chr7","116963562",24
"94","chr7","116966246",11
"95","chr7","116966252",6
"96","chr7","116966304",24
"97","chr7","116978741",24
"98","chr7","117002998",24
"99","chr7","117010356",24
"100","chr7","117014058",4
"101","chr7","117014072",24
"102","chr7","117020596",24
"103","chr7","117022604",24
"104","chr7","117023535",24
"105","chr7","117023912",24
"106","chr7","117025243",24
"107","chr7","117027432",24
"108","chr7","117052880",3
"109","chr7","117052950",24
"110","chr7","117057233",24
"111","chr7","117064625",24
"112","chr7","117077110",24
"113","chr7","117077121",6
"114","chr7","117083580",24
"115","chr7","117083639",2
"116","chr7","117084585",23
"117","chr7","117087142",23
"118","chr7","117097922",23
"119","chr7","117100046",23
"120","chr7","117104507",24
"121","chr7","117105581",24
"122","chr7","117107284",24
"123","chr7","117107707",24
"124","chr7","117113624",24
"125","chr7","117114478",24
"126","chr7","117116183",24
"127","chr7","117120141",3
"128","chr7","117134493",10
"129","chr7","117134517",24
"130","chr7","117149147",1
"131","chr7","117151828",24
"132","chr7","117171169",4
"133","chr7","117172221",4
"134","chr7","117172257",13
"135","chr7","117172269",23
"136","chr7","117172340",2
"137","chr7","117173230",24
"138","chr7","117175505",5
"139","chr7","117176572",8
"140","chr7","117176738",24
"141","chr7","117176815",2
"142","chr7","117178208",24
"143","chr7","117181705",10
"144","chr7","117188682",13
"145","chr7","117188684",1
"146","chr7","117188739",6
"147","chr7","117188763",14
"148","chr7","117188877",2
"149","chr7","117188935",11
"150","chr7","117199457",13
"151","chr7","117199533",24
"152","chr7","117199545",1
"153","chr7","117199647",5
"154","chr7","117199683",3
"155","chr7","117200510",24
"156","chr7","117217721",15
"157","chr7","117217725",24
"158","chr7","117220860",1
"159","chr7","117220861",24
"160","chr7","117227792",2
"161","chr7","117227832",3
"162","chr7","117229167",24
"163","chr7","117229537",24
"164","chr7","117229837",24
"165","chr7","117230645",13
"166","chr7","117232273",3
"167","chr7","117232416",3
"168","chr7","117234537",24
"169","chr7","117235030",2
"170","chr7","117235055",13
"171","chr7","117238445",21
"172","chr7","117238453",7
"173","chr7","117238476",24
"174","chr7","117240668",18
"175","chr7","117241031",18
"176","chr7","117242854",3
"177","chr7","117246636",17
"178","chr7","117246657",3
"179","chr7","117250664",2
"180","chr7","117254771",3
"181","chr7","117259011",18
"182","chr7","117282644",3
"183","chr7","117286524",18
"184","chr7","117289332",18
"185","chr7","117289569",1
"186","chr7","117289571",4
"187","chr7","117289573",11
"188","chr7","117289674",7
"189","chr7","117305631",3
"190","chr7","117307108",16
"191","chr7","117325184",20
"192","chr7","117332914",20
"193","chr7","117335157",20
"194","chr7","117337484",19
"195","chr7","117337572",2
"196","chr7","117339002",20
"197","chr7","117356893",20
"198","chr7","117357909",20
"199","chr7","117398604",17
"200","chr7","117406238",16
"201","chr7","117406338",1
"202","chr7","117446092",19
"203","chr7","117446127",3
"204","chr7","117449844",22
"205","chr7","117451124",20
"206","chr7","117452215",20
"207","chr7","117452222",1
"208","chr7","117455412",22
"209","chr7","117456904",22
"210","chr7","117458344",22
"211","chr7","117460254",22
"212","chr7","117464346",2
"213","chr7","117468056",22
"214","chr7","117471549",22
"215","chr7","117475324",2
"216","chr7","117475328",22
"217","chr7","117482870",21
"218","chr7","117486274",15
"219","chr7","117486312",15
"220","chr7","117486412",12
"221","chr7","117494818",3
"222","chr7","117494829",3
"223","chr7","117494833",12
"224","chr7","117494837",14
"225","chr7","117494841",4
"226","chr7","117496144",14
"227","chr7","117502574",18
"228","chr7","117506470",18
"229","chr7","117512932",3
"230","chr7","117512985",18
"231","chr7","117514840",18
"232","chr7","117519993",2
"233","chr7","117520009",18
"234","chr7","117522914",3
"235","chr7","117522956",15
"236","chr7","117523091",5
"237","chr7","117523709",15
"238","chr7","117523781",5
"239","chr7","117567491",7
"240","chr7","117567576",18
"241","chr7","117580488",13
"242","chr7","117616234",19
"243","chr7","117621877",19
"244","chr7","117632881",6
"245","chr7","117632975",19
"246","chr7","117656266",16
"247","chr7","117677667",11
"248","chr7","117707293",21
"249","chr7","117726480",21
"250","chr7","117726488",3
"251","chr7","117777353",3
"252","chr7","117777360",2
"253","chr7","117777412",22
"254","chr7","117782821",23
"255","chr7","117786306",5
"256","chr7","117786363",22
"257","chr7","117786437",3
"258","chr7","117805774",16
"259","chr7","117805822",22
"260","chr7","117823328",3
"261","chr7","117823959",11
"262","chr7","117823974",3
"263","chr7","117828003",22
"264","chr7","117837250",1
"265","chr7","117837251",3
"266","chr7","117837324",2
"267","chr7","117837343",8
"268","chr7","117865920",22
"269","chr7","117865940",4
"270","chr7","117867945",3
"271","chr7","117867977",1
"272","chr7","117893634",3
"273","chr7","117893776",20
"274","chr7","117899190",20
"275","chr7","117921200",1
"276","chr7","117921372",20
"277","chr7","117996507",5
"278","chr7","118018814",4
"279","chr7","118018816",4
"280","chr7","118018829",18
"281","chr7","118025763",22
"282","chr7","118106134",3
"283","chr7","118106162",3
"284","chr7","118106212",21
"285","chr7","118106247",3
"286","chr7","118190093",21
"287","chr7","118190135",24
"288","chr7","118212070",22
"289","chr7","118222646",8
"290","chr7","118222741",22
"291","chr7","118229822",21
"292","chr7","118232645",1
"293","chr7","118232746",21
"294","chr7","118233297",21
"295","chr7","118234123",21
"296","chr7","118234583",3
"297","chr7","118234612",21
"298","chr7","118234688",2
"299","chr7","118234963",21
"300","chr7","118235023",3
"301","chr7","118235959",21
"302","chr7","118237960",21
"303","chr7","118240216",21
"304","chr7","118241259",21
"305","chr7","118243725",12
"306","chr7","118243767",3
"307","chr7","118243992",21
"308","chr7","118244245",21
"309","chr7","118244462",21
"310","chr7","118250518",21
"311","chr7","118253533",21
"312","chr7","118256192",19
"313","chr7","118258649",21
"314","chr7","118259691",19
"315","chr7","118263945",19
"316","chr7","118264851",19
"317","chr7","118265656",19
"318","chr7","118266457",19
"319","chr7","118268048",19
"320","chr7","118270829",19
"321","chr7","118272579",6
"322","chr7","118272705",15
"323","chr7","118275794",8
"324","chr7","118275882",21
"325","chr7","118277885",3
"326","chr7","118277916",21
"327","chr7","118279880",3
"328","chr7","118279901",1
"329","chr7","118280014",2
"330","chr7","118280023",14
"331","chr7","118280024",14
"332","chr7","118284432",13
"333","chr7","118284433",17
"334","chr7","118287776",2
"335","chr7","118287787",7
"336","chr7","118290829",21
"337","chr7","118290920",19
"338","chr7","118292067",19
"339","chr7","118293340",1
"340","chr7","118293390",19
"341","chr7","118300029",24
"342","chr7","118302687",19
"343","chr7","118303091",6
"344","chr7","118303100",1
"345","chr7","118303138",19
